<application>
  <component name="Trusted.Paths">
    <option name="TRUSTED_PROJECT_PATHS">
      <map>
        <entry key="C:\Users\ncope\AppData\Local\JetBrains\PyCharm2024.2\demo\PyCharmLearningProject" value="true" />
        <entry key="C:\Users\ncope\DataspellProjects\Take2" value="true" />
        <entry key="C:\Users\ncope\PycharmProjects\ReportsMFG" value="true" />
        <entry key="C:\Users\ncope\PycharmProjects\pythonProject" value="true" />
      </map>
    </option>
  </component>
</application>