<application>
  <component name="DimensionService">
    <size key="GridCell.Tab.0.left.0.0.1920.1080" width="1693" height="520" />
    <size key="GridCell.Tab.0.center.0.0.1920.1080" width="1693" height="520" />
    <size key="GridCell.Tab.0.right.0.0.1920.1080" width="1693" height="520" />
    <size key="GridCell.Tab.0.bottom.0.0.1920.1080" width="1693" height="520" />
    <size key="GridCell.Tab.1.left.0.0.1920.1080" width="1286" height="365" />
    <size key="GridCell.Tab.1.center.0.0.1920.1080" width="1286" height="365" />
    <size key="GridCell.Tab.1.right.0.0.1920.1080" width="1286" height="365" />
    <size key="GridCell.Tab.1.bottom.0.0.1920.1080" width="1286" height="365" />
    <size key="GridCell.Tab.0.left.-1920.0.1920.1080" width="1838" height="365" />
    <size key="GridCell.Tab.0.center.-1920.0.1920.1080" width="1838" height="365" />
    <size key="GridCell.Tab.0.right.-1920.0.1920.1080" width="1838" height="365" />
    <size key="GridCell.Tab.0.bottom.-1920.0.1920.1080" width="1838" height="365" />
    <size key="GridCell.Tab.1.left.-1920.0.1920.1080" width="1838" height="365" />
    <size key="GridCell.Tab.1.center.-1920.0.1920.1080" width="1838" height="365" />
    <size key="GridCell.Tab.1.right.-1920.0.1920.1080" width="1838" height="365" />
    <size key="GridCell.Tab.1.bottom.-1920.0.1920.1080" width="1838" height="365" />
  </component>
  <component name="WindowManager">
    <frame x="-8" y="-8" width="1936" height="1096" extendedState="6" />
  </component>
  <component name="WindowStateApplicationService">
    <state x="740" y="287" key="FileChooserDialogImpl" timestamp="1727366011459">
      <screen x="0" y="0" width="1920" height="1080" />
    </state>
    <state x="740" y="287" key="FileChooserDialogImpl/-1920.0.1920.1080/0.0.1920.1080" timestamp="1727366011459" />
  </component>
</application>